id,name,tallman,generic,strength,form,route,shelf_location,ward_area,packaging_file,harm_if_confused
M01,Hydralazine,hydrALAZINE,hydralazine hydrochloride,25 mg,tablet,oral,W-12-A,Ward,hydralazine.svg,"Given for hypertension; confusing it with hydroxyzine can cause unmanaged blood pressure crisis or unwanted sedation."
M02,Hydroxyzine,hydrOXYzine,hydroxyzine hydrochloride,25 mg,tablet,oral,W-12-B,Ward,hydroxyzine.svg,"An antihistamine/anxiolytic; giving it instead of hydralazine leaves hypertension untreated and causes excess sedation."
M03,Vinblastine,vinBLAStine,vinblastine sulfate,10 mg/10 mL,vial,IV,ONC-03-A,Oncology,vinblastine.svg,"Chemotherapy dosing differs sharply from vincristine; swapping causes severe under- or over-dosing and organ toxicity."
M04,Vincristine,vinCRIStine,vincristine sulfate,1 mg/1 mL,vial,IV,ONC-03-B,Oncology,vincristine.svg,"Intrathecal vincristine is fatal; confusion with vinblastine risks lethal neurotoxicity or therapeutic failure."
M05,Epinephrine,EPINEPHrine,epinephrine,1 mg/mL (1:1000),ampoule,IM/IV,OR-01-A,Operating Room,epinephrine.svg,"A potent vasopressor; giving it instead of ephedrine in a hypotensive patient can trigger dangerous hypertension or arrhythmia."
M06,Ephedrine,ePHEDrine,ephedrine sulfate,30 mg/10 mL,ampoule,IV,OR-01-B,Operating Room,ephedrine.svg,"A milder pressor; substituting it for epinephrine in cardiac arrest or anaphylaxis can be fatally under-treated."
M07,Insulin Lispro,insulin LISPRO,insulin lispro,100 units/mL,pen,SC,W-05-A,Ward,insulin_lispro.svg,"Rapid-acting insulin; confusing it with glargine risks severe hypoglycemia from unexpected rapid action."
M08,Insulin Glargine,insulin GLARGINE,insulin glargine,100 units/mL,pen,SC,W-05-B,Ward,insulin_glargine.svg,"Long-acting insulin; giving it instead of lispro at mealtime leaves post-meal glucose uncontrolled and risks delayed hypoglycemia overnight."
M09,Hydromorphone,HYDROmorphone,hydromorphone hydrochloride,2 mg/mL,vial,IV,OR-02-A,Operating Room,hydromorphone.svg,"~5x more potent than morphine by weight; confusion risks life-threatening respiratory depression."
M10,Morphine,morphine,morphine sulfate,10 mg/mL,vial,IV,OR-02-B,Operating Room,morphine.svg,"Substituting for hydromorphone under-treats severe pain and can prompt unsafe re-dosing."
M11,Losartan,losARTAN,losartan potassium,50 mg,tablet,oral,OP-07-A,Outpatient,losartan.svg,"An antihypertensive; confusion with lorazepam leaves blood pressure uncontrolled and risks unintended sedative withdrawal."
M12,Lorazepam,lorAZEPam,lorazepam,1 mg,tablet,oral,OP-07-B,Outpatient,lorazepam.svg,"A benzodiazepine; giving it instead of losartan causes unwanted sedation, fall risk, and dependence potential."
M13,Chlorpromazine,chlorPROMAZINE,chlorpromazine hydrochloride,25 mg,tablet,oral,W-09-A,Ward,chlorpromazine.svg,"An antipsychotic; confusion with chlorpropamide can cause unintended sedation and extrapyramidal effects."
M14,Chlorpropamide,chlorPROPAMIDE,chlorpropamide,100 mg,tablet,oral,W-09-B,Ward,chlorpropamide.svg,"A sulfonylurea; substituting it for chlorpromazine risks severe, prolonged hypoglycemia."
M15,Metformin,metFORMIN,metformin hydrochloride,500 mg,tablet,oral,OP-03-A,Outpatient,metformin.svg,"An antidiabetic; confusion with metronidazole leaves glucose uncontrolled and gives an unneeded antibiotic course."
M16,Metronidazole,metroNIDAZOLE,metronidazole,400 mg,tablet,oral,OP-03-B,Outpatient,metronidazole.svg,"An antibiotic; substituting it for metformin during an infection leaves the infection untreated."
M17,Paracetamol,paracetamol,paracetamol,500 mg,tablet,oral,OP-01-A,Outpatient,paracetamol.svg,"Standard analgesic; not part of a known LASA pair in this set - used as a safety control item."
M18,Amoxicillin,amoxicillin,amoxicillin,500 mg,capsule,oral,OP-01-B,Outpatient,amoxicillin.svg,"Standard antibiotic; not part of a known LASA pair in this set - used as a safety control item."
